target_id,region_id,target_month,target_revenue
1,1,2023-01-01,1225.76
2,1,2023-02-01,11246.0
3,1,2023-03-01,7551.19
4,1,2023-04-01,17538.77
5,1,2023-05-01,28810.82
6,1,2023-06-01,21769.18
7,1,2023-07-01,46370.4
8,1,2023-08-01,69786.6
9,1,2023-09-01,51530.63
10,1,2023-10-01,76137.4
11,1,2023-11-01,77930.16
12,1,2023-12-01,77946.68
13,1,2024-01-01,80045.94
14,1,2024-02-01,56343.46
15,1,2024-03-01,70515.26
16,1,2024-04-01,164791.4
17,1,2024-05-01,161459.86
18,1,2024-06-01,126977.98
19,1,2024-07-01,129014.21
20,1,2024-08-01,110596.72
21,1,2024-09-01,100556.01
22,1,2024-10-01,108265.05
23,1,2024-11-01,171787.24
24,1,2024-12-01,181185.14
25,1,2025-01-01,187858.21
26,1,2025-02-01,135583.9
27,1,2025-03-01,151624.23
28,1,2025-04-01,158083.95
29,1,2025-05-01,174407.07
30,1,2025-06-01,116939.15
31,1,2025-07-01,205673.07
32,1,2025-08-01,192208.49
33,1,2025-09-01,119811.46
34,1,2025-10-01,89919.52
35,1,2025-11-01,40930.07
36,1,2025-12-01,5109.63
37,2,2023-01-01,6548.3
38,2,2023-02-01,10651.45
39,2,2023-03-01,32289.91
40,2,2023-04-01,11033.11
41,2,2023-05-01,36701.8
42,2,2023-06-01,52860.39
43,2,2023-07-01,26768.45
44,2,2023-08-01,55061.73
45,2,2023-09-01,55766.74
46,2,2023-10-01,67714.26
47,2,2023-11-01,66603.44
48,2,2023-12-01,74570.73
49,2,2024-01-01,109456.76
50,2,2024-02-01,86116.29
51,2,2024-03-01,89556.63
52,2,2024-04-01,110467.54
53,2,2024-05-01,93231.8
54,2,2024-06-01,150354.72
55,2,2024-07-01,149441.82
56,2,2024-08-01,110740.82
57,2,2024-09-01,130466.67
58,2,2024-10-01,173606.23
59,2,2024-11-01,177426.29
60,2,2024-12-01,230393.48
61,2,2025-01-01,212090.28
62,2,2025-02-01,199334.73
63,2,2025-03-01,198338.42
64,2,2025-04-01,183302.09
65,2,2025-05-01,195748.75
66,2,2025-06-01,258559.22
67,2,2025-07-01,290819.82
68,2,2025-08-01,173698.93
69,2,2025-09-01,168785.68
70,2,2025-10-01,82719.32
71,2,2025-11-01,72167.64
72,2,2025-12-01,19006.81
73,3,2023-01-01,1420.79
74,3,2023-02-01,4001.49
75,3,2023-03-01,20932.0
76,3,2023-04-01,16037.18
77,3,2023-05-01,24358.24
78,3,2023-06-01,18998.94
79,3,2023-07-01,45977.2
80,3,2023-08-01,49015.46
81,3,2023-09-01,50434.71
82,3,2023-10-01,55958.3
83,3,2023-11-01,55792.85
84,3,2023-12-01,67955.45
85,3,2024-01-01,78078.32
86,3,2024-02-01,103572.65
87,3,2024-03-01,99908.65
88,3,2024-04-01,131364.3
89,3,2024-05-01,99162.32
90,3,2024-06-01,101155.18
91,3,2024-07-01,136923.03
92,3,2024-08-01,130165.5
93,3,2024-09-01,123683.0
94,3,2024-10-01,141796.76
95,3,2024-11-01,134651.52
96,3,2024-12-01,149901.7
97,3,2025-01-01,146870.72
98,3,2025-02-01,189925.94
99,3,2025-03-01,180693.18
100,3,2025-04-01,233899.07
101,3,2025-05-01,193409.63
102,3,2025-06-01,164742.39
103,3,2025-07-01,152011.1
104,3,2025-08-01,177398.84
105,3,2025-09-01,80786.93
106,3,2025-10-01,59904.65
107,3,2025-11-01,36116.58
108,3,2025-12-01,13179.07
109,4,2023-01-01,16943.46
110,4,2023-02-01,8843.96
111,4,2023-03-01,14476.22
112,4,2023-04-01,27191.05
113,4,2023-05-01,24066.33
114,4,2023-06-01,38333.91
115,4,2023-07-01,36566.5
116,4,2023-08-01,27329.01
117,4,2023-09-01,47927.58
118,4,2023-10-01,60066.62
119,4,2023-11-01,62428.99
120,4,2023-12-01,47363.04
121,4,2024-01-01,83325.6
122,4,2024-02-01,68916.65
123,4,2024-03-01,87237.83
124,4,2024-04-01,117193.19
125,4,2024-05-01,114324.43
126,4,2024-06-01,110952.2
127,4,2024-07-01,92669.63
128,4,2024-08-01,100566.58
129,4,2024-09-01,203711.35
130,4,2024-10-01,128250.75
131,4,2024-11-01,129919.17
132,4,2024-12-01,110252.1
133,4,2025-01-01,169053.56
134,4,2025-02-01,177096.03
135,4,2025-03-01,184656.29
136,4,2025-04-01,215580.45
137,4,2025-05-01,181089.3
138,4,2025-06-01,160221.85
139,4,2025-07-01,222267.45
140,4,2025-08-01,169291.22
141,4,2025-09-01,113977.17
142,4,2025-10-01,116340.61
143,4,2025-11-01,44990.3
144,4,2025-12-01,28553.92
145,5,2023-01-01,5065.45
146,5,2023-02-01,77.74
147,5,2023-03-01,19332.34
148,5,2023-04-01,15796.11
149,5,2023-05-01,34601.35
150,5,2023-06-01,26600.3
151,5,2023-07-01,31907.21
152,5,2023-08-01,58809.37
153,5,2023-09-01,41914.18
154,5,2023-10-01,65474.01
155,5,2023-11-01,68859.44
156,5,2023-12-01,88986.44
157,5,2024-01-01,55266.12
158,5,2024-02-01,89333.02
159,5,2024-03-01,118927.97
160,5,2024-04-01,150001.91
161,5,2024-05-01,96276.28
162,5,2024-06-01,153641.12
163,5,2024-07-01,105242.5
164,5,2024-08-01,118182.0
165,5,2024-09-01,136772.5
166,5,2024-10-01,149704.26
167,5,2024-11-01,156786.21
168,5,2024-12-01,159937.61
169,5,2025-01-01,159461.11
170,5,2025-02-01,199352.06
171,5,2025-03-01,205907.03
172,5,2025-04-01,205235.36
173,5,2025-05-01,254749.87
174,5,2025-06-01,170796.82
175,5,2025-07-01,238030.95
176,5,2025-08-01,162750.19
177,5,2025-09-01,152426.7
178,5,2025-10-01,110760.83
179,5,2025-11-01,48519.45
180,5,2025-12-01,21949.14
181,6,2023-01-01,4935.18
182,6,2023-02-01,8395.21
183,6,2023-03-01,23235.19
184,6,2023-04-01,41666.25
185,6,2023-05-01,42579.69
186,6,2023-06-01,26998.99
187,6,2023-07-01,43189.77
188,6,2023-08-01,59670.92
189,6,2023-09-01,75472.69
190,6,2023-10-01,40249.47
191,6,2023-11-01,71365.49
192,6,2023-12-01,76162.3
193,6,2024-01-01,99113.62
194,6,2024-02-01,67782.22
195,6,2024-03-01,82476.28
196,6,2024-04-01,97963.04
197,6,2024-05-01,110238.46
198,6,2024-06-01,92454.69
199,6,2024-07-01,110287.69
200,6,2024-08-01,123149.94
201,6,2024-09-01,128036.63
202,6,2024-10-01,162123.26
203,6,2024-11-01,156229.0
204,6,2024-12-01,151694.96
205,6,2025-01-01,160146.23
206,6,2025-02-01,159450.58
207,6,2025-03-01,170830.82
208,6,2025-04-01,136284.8
209,6,2025-05-01,232187.15
210,6,2025-06-01,160922.62
211,6,2025-07-01,185301.7
212,6,2025-08-01,149787.33
213,6,2025-09-01,151788.8
214,6,2025-10-01,93407.62
215,6,2025-11-01,49086.06
216,6,2025-12-01,22304.15
217,7,2023-01-01,1245.11
218,7,2023-02-01,16780.94
219,7,2023-03-01,16619.74
220,7,2023-04-01,23584.38
221,7,2023-05-01,29850.98
222,7,2023-06-01,33578.77
223,7,2023-07-01,43994.93
224,7,2023-08-01,58934.94
225,7,2023-09-01,46853.2
226,7,2023-10-01,54893.26
227,7,2023-11-01,86263.34
228,7,2023-12-01,78450.98
229,7,2024-01-01,114196.69
230,7,2024-02-01,85204.38
231,7,2024-03-01,88711.34
232,7,2024-04-01,111250.03
233,7,2024-05-01,134551.61
234,7,2024-06-01,159827.52
235,7,2024-07-01,67906.85
236,7,2024-08-01,164951.19
237,7,2024-09-01,138473.57
238,7,2024-10-01,147855.96
239,7,2024-11-01,154020.91
240,7,2024-12-01,175982.15
241,7,2025-01-01,183417.03
242,7,2025-02-01,176268.54
243,7,2025-03-01,222002.33
244,7,2025-04-01,140659.16
245,7,2025-05-01,163490.07
246,7,2025-06-01,229233.16
247,7,2025-07-01,175636.11
248,7,2025-08-01,196009.36
249,7,2025-09-01,228214.45
250,7,2025-10-01,84435.77
251,7,2025-11-01,62801.5
252,7,2025-12-01,23664.54
253,8,2023-01-01,2173.47
254,8,2023-02-01,11858.44
255,8,2023-03-01,17658.64
256,8,2023-04-01,20880.26
257,8,2023-05-01,29360.77
258,8,2023-06-01,29285.04
259,8,2023-07-01,40052.29
260,8,2023-08-01,52870.39
261,8,2023-09-01,47364.56
262,8,2023-10-01,54632.67
263,8,2023-11-01,57194.12
264,8,2023-12-01,60339.08
265,8,2024-01-01,91668.47
266,8,2024-02-01,69413.64
267,8,2024-03-01,124488.75
268,8,2024-04-01,101871.85
269,8,2024-05-01,151401.59
270,8,2024-06-01,115274.23
271,8,2024-07-01,154540.02
272,8,2024-08-01,130312.44
273,8,2024-09-01,141789.72
274,8,2024-10-01,144466.48
275,8,2024-11-01,175708.28
276,8,2024-12-01,156062.82
277,8,2025-01-01,157846.38
278,8,2025-02-01,118182.88
279,8,2025-03-01,192126.23
280,8,2025-04-01,214587.33
281,8,2025-05-01,222143.53
282,8,2025-06-01,226028.6
283,8,2025-07-01,177522.49
284,8,2025-08-01,149006.48
285,8,2025-09-01,95737.52
286,8,2025-10-01,124997.83
287,8,2025-11-01,62634.21
288,8,2025-12-01,18937.27
289,9,2023-01-01,2843.16
290,9,2023-02-01,14290.8
291,9,2023-03-01,17139.36
292,9,2023-04-01,26187.89
293,9,2023-05-01,30280.5
294,9,2023-06-01,31283.02
295,9,2023-07-01,29449.28
296,9,2023-08-01,46663.9
297,9,2023-09-01,41354.43
298,9,2023-10-01,48623.05
299,9,2023-11-01,75020.62
300,9,2023-12-01,69324.56
301,9,2024-01-01,68604.47
302,9,2024-02-01,94206.89
303,9,2024-03-01,83994.2
304,9,2024-04-01,120512.29
305,9,2024-05-01,107757.08
306,9,2024-06-01,98532.29
307,9,2024-07-01,123075.74
308,9,2024-08-01,104930.36
309,9,2024-09-01,141930.94
310,9,2024-10-01,156550.43
311,9,2024-11-01,168823.49
312,9,2024-12-01,150247.07
313,9,2025-01-01,144721.37
314,9,2025-02-01,239215.96
315,9,2025-03-01,137015.09
316,9,2025-04-01,176573.89
317,9,2025-05-01,162681.1
318,9,2025-06-01,210218.77
319,9,2025-07-01,221307.4
320,9,2025-08-01,148472.19
321,9,2025-09-01,122213.63
322,9,2025-10-01,71121.37
323,9,2025-11-01,43254.19
324,9,2025-12-01,9458.38
325,10,2023-01-01,418.07
326,10,2023-02-01,3441.68
327,10,2023-03-01,17834.14
328,10,2023-04-01,18137.8
329,10,2023-05-01,26238.93
330,10,2023-06-01,40401.41
331,10,2023-07-01,42740.1
332,10,2023-08-01,49248.92
333,10,2023-09-01,61235.81
334,10,2023-10-01,61121.78
335,10,2023-11-01,90489.95
336,10,2023-12-01,85419.78
337,10,2024-01-01,85864.64
338,10,2024-02-01,117461.08
339,10,2024-03-01,78824.99
340,10,2024-04-01,144931.59
341,10,2024-05-01,88235.79
342,10,2024-06-01,142437.68
343,10,2024-07-01,176681.65
344,10,2024-08-01,116104.2
345,10,2024-09-01,137137.66
346,10,2024-10-01,101182.72
347,10,2024-11-01,116098.51
348,10,2024-12-01,142948.65
349,10,2025-01-01,269097.09
350,10,2025-02-01,149079.89
351,10,2025-03-01,135194.47
352,10,2025-04-01,230754.23
353,10,2025-05-01,199596.71
354,10,2025-06-01,194818.49
355,10,2025-07-01,216468.77
356,10,2025-08-01,168100.65
357,10,2025-09-01,112873.8
358,10,2025-10-01,101424.95
359,10,2025-11-01,54790.59
360,10,2025-12-01,38988.75
361,11,2023-01-01,3806.75
362,11,2023-02-01,8439.39
363,11,2023-03-01,17965.65
364,11,2023-04-01,21076.25
365,11,2023-05-01,25748.73
366,11,2023-06-01,33278.97
367,11,2023-07-01,42765.36
368,11,2023-08-01,42620.83
369,11,2023-09-01,43766.33
370,11,2023-10-01,56054.85
371,11,2023-11-01,53832.91
372,11,2023-12-01,84375.16
373,11,2024-01-01,67645.65
374,11,2024-02-01,77571.85
375,11,2024-03-01,79322.24
376,11,2024-04-01,97582.23
377,11,2024-05-01,97469.57
378,11,2024-06-01,103214.94
379,11,2024-07-01,115147.93
380,11,2024-08-01,155385.78
381,11,2024-09-01,91238.3
382,11,2024-10-01,110783.73
383,11,2024-11-01,106790.41
384,11,2024-12-01,160225.78
385,11,2025-01-01,169623.82
386,11,2025-02-01,141320.13
387,11,2025-03-01,135128.43
388,11,2025-04-01,151000.54
389,11,2025-05-01,156653.09
390,11,2025-06-01,211187.93
391,11,2025-07-01,206327.44
392,11,2025-08-01,179550.12
393,11,2025-09-01,125370.62
394,11,2025-10-01,81332.88
395,11,2025-11-01,59730.32
396,11,2025-12-01,11173.9
397,12,2023-01-01,1016.28
398,12,2023-02-01,4135.97
399,12,2023-03-01,22689.07
400,12,2023-04-01,21134.95
401,12,2023-05-01,33762.96
402,12,2023-06-01,40150.8
403,12,2023-07-01,64823.07
404,12,2023-08-01,42455.81
405,12,2023-09-01,53299.91
406,12,2023-10-01,59787.97
407,12,2023-11-01,78459.52
408,12,2023-12-01,77062.21
409,12,2024-01-01,72116.91
410,12,2024-02-01,78624.92
411,12,2024-03-01,129105.9
412,12,2024-04-01,93737.25
413,12,2024-05-01,100045.96
414,12,2024-06-01,125714.97
415,12,2024-07-01,118781.41
416,12,2024-08-01,154029.93
417,12,2024-09-01,134815.13
418,12,2024-10-01,133041.45
419,12,2024-11-01,222930.08
420,12,2024-12-01,169576.04
421,12,2025-01-01,182567.49
422,12,2025-02-01,169697.56
423,12,2025-03-01,157001.04
424,12,2025-04-01,170896.8
425,12,2025-05-01,201734.92
426,12,2025-06-01,202393.94
427,12,2025-07-01,182435.45
428,12,2025-08-01,176868.84
429,12,2025-09-01,142520.1
430,12,2025-10-01,105676.94
431,12,2025-11-01,49383.44
432,12,2025-12-01,25112.27
433,13,2023-01-01,889.96
434,13,2023-02-01,4910.22
435,13,2023-03-01,14069.47
436,13,2023-04-01,24025.06
437,13,2023-05-01,33848.82
438,13,2023-06-01,30314.67
439,13,2023-07-01,62048.43
440,13,2023-08-01,63015.74
441,13,2023-09-01,64156.36
442,13,2023-10-01,48979.66
443,13,2023-11-01,103617.97
444,13,2023-12-01,79085.45
445,13,2024-01-01,97023.85
446,13,2024-02-01,79182.42
447,13,2024-03-01,89567.35
448,13,2024-04-01,119135.48
449,13,2024-05-01,86507.92
450,13,2024-06-01,113205.71
451,13,2024-07-01,88790.37
452,13,2024-08-01,118852.04
453,13,2024-09-01,153316.09
454,13,2024-10-01,149091.12
455,13,2024-11-01,127974.11
456,13,2024-12-01,187556.07
457,13,2025-01-01,171551.84
458,13,2025-02-01,158276.75
459,13,2025-03-01,189566.59
460,13,2025-04-01,160990.34
461,13,2025-05-01,221190.82
462,13,2025-06-01,205304.02
463,13,2025-07-01,159235.37
464,13,2025-08-01,185193.13
465,13,2025-09-01,124464.22
466,13,2025-10-01,120310.16
467,13,2025-11-01,56366.49
468,13,2025-12-01,8826.29
469,14,2023-01-01,1512.47
470,14,2023-02-01,10386.6
471,14,2023-03-01,15221.13
472,14,2023-04-01,17797.25
473,14,2023-05-01,15024.27
474,14,2023-06-01,30693.39
475,14,2023-07-01,34258.98
476,14,2023-08-01,24196.88
477,14,2023-09-01,59699.95
478,14,2023-10-01,60335.6
479,14,2023-11-01,85027.17
480,14,2023-12-01,74747.67
481,14,2024-01-01,76311.96
482,14,2024-02-01,81653.82
483,14,2024-03-01,102633.94
484,14,2024-04-01,124170.64
485,14,2024-05-01,111166.63
486,14,2024-06-01,98145.99
487,14,2024-07-01,98693.44
488,14,2024-08-01,90732.03
489,14,2024-09-01,119848.16
490,14,2024-10-01,129678.14
491,14,2024-11-01,159951.48
492,14,2024-12-01,160599.2
493,14,2025-01-01,189877.18
494,14,2025-02-01,117592.23
495,14,2025-03-01,187520.21
496,14,2025-04-01,153389.62
497,14,2025-05-01,193166.63
498,14,2025-06-01,187712.14
499,14,2025-07-01,160724.88
500,14,2025-08-01,191502.24
501,14,2025-09-01,141328.91
502,14,2025-10-01,77224.74
503,14,2025-11-01,52096.44
504,14,2025-12-01,25297.75
505,15,2023-01-01,2709.16
506,15,2023-02-01,4780.66
507,15,2023-03-01,21557.73
508,15,2023-04-01,16369.77
509,15,2023-05-01,47243.27
510,15,2023-06-01,28594.06
511,15,2023-07-01,45960.16
512,15,2023-08-01,41036.36
513,15,2023-09-01,73902.38
514,15,2023-10-01,62055.09
515,15,2023-11-01,110242.08
516,15,2023-12-01,60789.37
517,15,2024-01-01,76109.97
518,15,2024-02-01,87215.65
519,15,2024-03-01,77998.09
520,15,2024-04-01,99164.7
521,15,2024-05-01,110795.97
522,15,2024-06-01,126974.36
523,15,2024-07-01,121814.0
524,15,2024-08-01,157853.7
525,15,2024-09-01,182063.14
526,15,2024-10-01,131833.47
527,15,2024-11-01,149103.14
528,15,2024-12-01,166778.03
529,15,2025-01-01,144535.4
530,15,2025-02-01,134132.61
531,15,2025-03-01,216832.88
532,15,2025-04-01,249373.59
533,15,2025-05-01,204582.89
534,15,2025-06-01,194598.2
535,15,2025-07-01,244129.8
536,15,2025-08-01,111900.0
537,15,2025-09-01,112439.56
538,15,2025-10-01,88756.17
539,15,2025-11-01,63730.1
540,15,2025-12-01,13205.65
541,16,2023-01-01,5101.85
542,16,2023-02-01,15953.47
543,16,2023-03-01,17679.59
544,16,2023-04-01,22827.33
545,16,2023-05-01,29654.55
546,16,2023-06-01,38858.53
547,16,2023-07-01,32349.63
548,16,2023-08-01,50598.22
549,16,2023-09-01,57202.58
550,16,2023-10-01,58528.3
551,16,2023-11-01,80118.02
552,16,2023-12-01,185819.0
553,16,2024-01-01,104130.04
554,16,2024-02-01,70717.37
555,16,2024-03-01,87445.82
556,16,2024-04-01,95955.88
557,16,2024-05-01,104335.56
558,16,2024-06-01,118148.13
559,16,2024-07-01,93176.91
560,16,2024-08-01,138065.93
561,16,2024-09-01,144863.72
562,16,2024-10-01,131835.6
563,16,2024-11-01,134630.8
564,16,2024-12-01,120984.19
565,16,2025-01-01,201152.64
566,16,2025-02-01,160667.15
567,16,2025-03-01,153936.98
568,16,2025-04-01,157897.88
569,16,2025-05-01,197755.63
570,16,2025-06-01,228486.63
571,16,2025-07-01,260317.04
572,16,2025-08-01,170205.76
573,16,2025-09-01,159522.22
574,16,2025-10-01,93662.56
575,16,2025-11-01,73558.38
576,16,2025-12-01,11641.69
577,17,2023-01-01,3626.06
578,17,2023-02-01,4923.9
579,17,2023-03-01,26511.63
580,17,2023-04-01,29563.13
581,17,2023-05-01,33388.15
582,17,2023-06-01,16794.92
583,17,2023-07-01,25026.1
584,17,2023-08-01,44665.38
585,17,2023-09-01,20280.25
586,17,2023-10-01,74526.67
587,17,2023-11-01,53341.54
588,17,2023-12-01,121131.54
589,17,2024-01-01,71712.85
590,17,2024-02-01,79442.94
591,17,2024-03-01,79066.8
592,17,2024-04-01,112423.26
593,17,2024-05-01,74430.42
594,17,2024-06-01,114756.4
595,17,2024-07-01,108198.98
596,17,2024-08-01,80886.02
597,17,2024-09-01,102683.68
598,17,2024-10-01,125624.79
599,17,2024-11-01,119788.72
600,17,2024-12-01,139384.33
601,17,2025-01-01,110483.84
602,17,2025-02-01,155067.02
603,17,2025-03-01,168281.13
604,17,2025-04-01,145829.37
605,17,2025-05-01,135420.53
606,17,2025-06-01,163199.53
607,17,2025-07-01,222978.68
608,17,2025-08-01,146913.77
609,17,2025-09-01,112914.29
610,17,2025-10-01,115720.99
611,17,2025-11-01,52529.19
612,17,2025-12-01,20152.88
613,18,2023-01-01,4497.08
614,18,2023-02-01,6827.04
615,18,2023-03-01,15130.36
616,18,2023-04-01,26392.83
617,18,2023-05-01,25940.77
618,18,2023-06-01,24714.21
619,18,2023-07-01,50062.93
620,18,2023-08-01,59173.66
621,18,2023-09-01,46599.26
622,18,2023-10-01,37631.19
623,18,2023-11-01,56128.57
624,18,2023-12-01,60187.77
625,18,2024-01-01,87462.97
626,18,2024-02-01,88347.91
627,18,2024-03-01,104720.95
628,18,2024-04-01,87022.48
629,18,2024-05-01,86224.98
630,18,2024-06-01,107712.27
631,18,2024-07-01,108343.66
632,18,2024-08-01,135818.15
633,18,2024-09-01,99376.4
634,18,2024-10-01,109844.57
635,18,2024-11-01,139030.84
636,18,2024-12-01,137516.89
637,18,2025-01-01,129446.55
638,18,2025-02-01,125101.95
639,18,2025-03-01,199882.07
640,18,2025-04-01,189755.08
641,18,2025-05-01,148230.53
642,18,2025-06-01,120512.44
643,18,2025-07-01,203340.14
644,18,2025-08-01,164910.03
645,18,2025-09-01,133105.37
646,18,2025-10-01,94256.44
647,18,2025-11-01,51102.11
648,18,2025-12-01,29680.15
649,19,2023-01-01,17841.69
650,19,2023-02-01,4817.12
651,19,2023-03-01,17330.16
652,19,2023-04-01,24054.25
653,19,2023-05-01,37815.86
654,19,2023-06-01,24429.88
655,19,2023-07-01,78825.8
656,19,2023-08-01,41247.3
657,19,2023-09-01,63986.01
658,19,2023-10-01,68926.07
659,19,2023-11-01,55951.91
660,19,2023-12-01,75413.28
661,19,2024-01-01,89304.04
662,19,2024-02-01,86668.76
663,19,2024-03-01,96092.55
664,19,2024-04-01,88848.15
665,19,2024-05-01,126448.65
666,19,2024-06-01,136674.95
667,19,2024-07-01,129159.82
668,19,2024-08-01,138133.32
669,19,2024-09-01,127217.02
670,19,2024-10-01,178620.58
671,19,2024-11-01,163080.46
672,19,2024-12-01,152900.18
673,19,2025-01-01,201931.11
674,19,2025-02-01,177541.8
675,19,2025-03-01,213467.15
676,19,2025-04-01,197583.39
677,19,2025-05-01,310308.84
678,19,2025-06-01,180929.79
679,19,2025-07-01,305519.44
680,19,2025-08-01,179355.48
681,19,2025-09-01,207957.97
682,19,2025-10-01,73966.7
683,19,2025-11-01,104519.27
684,19,2025-12-01,16693.76
685,20,2023-01-01,883.53
686,20,2023-02-01,803.58
687,20,2023-03-01,10826.56
688,20,2023-04-01,18931.16
689,20,2023-05-01,36738.41
690,20,2023-06-01,33285.46
691,20,2023-07-01,37934.66
692,20,2023-08-01,48784.08
693,20,2023-09-01,68247.07
694,20,2023-10-01,44951.27
695,20,2023-11-01,72884.83
696,20,2023-12-01,70192.59
697,20,2024-01-01,94419.68
698,20,2024-02-01,84299.24
699,20,2024-03-01,89910.67
700,20,2024-04-01,84027.36
701,20,2024-05-01,125405.43
702,20,2024-06-01,102097.08
703,20,2024-07-01,112220.41
704,20,2024-08-01,131989.7
705,20,2024-09-01,125662.14
706,20,2024-10-01,88350.51
707,20,2024-11-01,202836.61
708,20,2024-12-01,170095.07
709,20,2025-01-01,152392.38
710,20,2025-02-01,133191.88
711,20,2025-03-01,212816.0
712,20,2025-04-01,200730.64
713,20,2025-05-01,141137.04
714,20,2025-06-01,153086.77
715,20,2025-07-01,178529.49
716,20,2025-08-01,138750.13
717,20,2025-09-01,80806.87
718,20,2025-10-01,88398.5
719,20,2025-11-01,47047.23
720,20,2025-12-01,4452.24
721,21,2023-01-01,350.65
722,21,2023-02-01,2029.33
723,21,2023-03-01,22139.38
724,21,2023-04-01,29714.95
725,21,2023-05-01,37161.8
726,21,2023-06-01,35393.24
727,21,2023-07-01,44000.94
728,21,2023-08-01,50545.53
729,21,2023-09-01,72907.64
730,21,2023-10-01,54283.21
731,21,2023-11-01,56665.44
732,21,2023-12-01,55240.9
733,21,2024-01-01,102361.33
734,21,2024-02-01,71994.07
735,21,2024-03-01,131437.58
736,21,2024-04-01,81406.41
737,21,2024-05-01,87311.49
738,21,2024-06-01,118287.88
739,21,2024-07-01,109325.28
740,21,2024-08-01,132036.23
741,21,2024-09-01,134927.56
742,21,2024-10-01,137367.06
743,21,2024-11-01,167066.08
744,21,2024-12-01,163893.74
745,21,2025-01-01,172981.97
746,21,2025-02-01,138622.15
747,21,2025-03-01,206840.76
748,21,2025-04-01,196743.25
749,21,2025-05-01,220147.27
750,21,2025-06-01,176632.14
751,21,2025-07-01,178954.66
752,21,2025-08-01,228394.7
753,21,2025-09-01,113398.96
754,21,2025-10-01,116736.39
755,21,2025-11-01,74023.04
756,21,2025-12-01,26862.33
757,22,2023-01-01,2326.01
758,22,2023-02-01,12692.33
759,22,2023-03-01,17661.59
760,22,2023-04-01,27469.79
761,22,2023-05-01,43437.78
762,22,2023-06-01,30266.77
763,22,2023-07-01,45361.25
764,22,2023-08-01,47686.39
765,22,2023-09-01,69647.19
766,22,2023-10-01,71477.84
767,22,2023-11-01,57408.46
768,22,2023-12-01,72703.96
769,22,2024-01-01,92401.1
770,22,2024-02-01,101162.66
771,22,2024-03-01,106893.39
772,22,2024-04-01,105011.38
773,22,2024-05-01,97863.23
774,22,2024-06-01,120419.76
775,22,2024-07-01,98917.37
776,22,2024-08-01,125353.83
777,22,2024-09-01,116860.27
778,22,2024-10-01,120594.23
779,22,2024-11-01,111872.05
780,22,2024-12-01,157204.75
781,22,2025-01-01,206472.9
782,22,2025-02-01,146957.32
783,22,2025-03-01,213112.66
784,22,2025-04-01,196142.97
785,22,2025-05-01,139190.41
786,22,2025-06-01,148213.25
787,22,2025-07-01,165351.27
788,22,2025-08-01,133977.96
789,22,2025-09-01,145970.86
790,22,2025-10-01,90192.11
791,22,2025-11-01,55572.04
792,22,2025-12-01,22195.45
793,23,2023-01-01,608.96
794,23,2023-02-01,9241.32
795,23,2023-03-01,13525.66
796,23,2023-04-01,23298.95
797,23,2023-05-01,28976.97
798,23,2023-06-01,56788.69
799,23,2023-07-01,23026.6
800,23,2023-08-01,60678.68
801,23,2023-09-01,35351.73
802,23,2023-10-01,95418.68
803,23,2023-11-01,69349.03
804,23,2023-12-01,67907.75
805,23,2024-01-01,94222.66
806,23,2024-02-01,77586.35
807,23,2024-03-01,113521.86
808,23,2024-04-01,96373.18
809,23,2024-05-01,133948.19
810,23,2024-06-01,118197.54
811,23,2024-07-01,144556.59
812,23,2024-08-01,138781.67
813,23,2024-09-01,117927.54
814,23,2024-10-01,169624.24
815,23,2024-11-01,119974.64
816,23,2024-12-01,212378.96
817,23,2025-01-01,222620.83
818,23,2025-02-01,215101.22
819,23,2025-03-01,195089.94
820,23,2025-04-01,210105.89
821,23,2025-05-01,193669.76
822,23,2025-06-01,212257.73
823,23,2025-07-01,169258.47
824,23,2025-08-01,177991.72
825,23,2025-09-01,102846.25
826,23,2025-10-01,92100.18
827,23,2025-11-01,69595.41
828,23,2025-12-01,11496.67
829,24,2023-01-01,5474.82
830,24,2023-02-01,11592.19
831,24,2023-03-01,17865.12
832,24,2023-04-01,16700.96
833,24,2023-05-01,20235.57
834,24,2023-06-01,31319.17
835,24,2023-07-01,43750.15
836,24,2023-08-01,58841.92
837,24,2023-09-01,61475.5
838,24,2023-10-01,68596.68
839,24,2023-11-01,55331.32
840,24,2023-12-01,96016.64
841,24,2024-01-01,83363.3
842,24,2024-02-01,90047.82
843,24,2024-03-01,121924.16
844,24,2024-04-01,123586.07
845,24,2024-05-01,132155.35
846,24,2024-06-01,136209.59
847,24,2024-07-01,129870.45
848,24,2024-08-01,145660.31
849,24,2024-09-01,131506.75
850,24,2024-10-01,118456.22
851,24,2024-11-01,115380.63
852,24,2024-12-01,191303.36
853,24,2025-01-01,150832.0
854,24,2025-02-01,117449.34
855,24,2025-03-01,174337.75
856,24,2025-04-01,178445.93
857,24,2025-05-01,215085.04
858,24,2025-06-01,175043.53
859,24,2025-07-01,228014.93
860,24,2025-08-01,201400.39
861,24,2025-09-01,137869.11
862,24,2025-10-01,104624.93
863,24,2025-11-01,64352.04
864,24,2025-12-01,21832.93
865,25,2023-01-01,7339.8
866,25,2023-02-01,2445.83
867,25,2023-03-01,13187.51
868,25,2023-04-01,10151.76
869,25,2023-05-01,21390.78
870,25,2023-06-01,41974.41
871,25,2023-07-01,43634.0
872,25,2023-08-01,44968.23
873,25,2023-09-01,51267.45
874,25,2023-10-01,48823.06
875,25,2023-11-01,100254.29
876,25,2023-12-01,97842.57
877,25,2024-01-01,65976.87
878,25,2024-02-01,73285.92
879,25,2024-03-01,115326.62
880,25,2024-04-01,85160.62
881,25,2024-05-01,102403.97
882,25,2024-06-01,98779.44
883,25,2024-07-01,154844.65
884,25,2024-08-01,117457.96
885,25,2024-09-01,133799.25
886,25,2024-10-01,162546.63
887,25,2024-11-01,123811.33
888,25,2024-12-01,199885.56
889,25,2025-01-01,141226.85
890,25,2025-02-01,157554.81
891,25,2025-03-01,190262.2
892,25,2025-04-01,143884.24
893,25,2025-05-01,216442.89
894,25,2025-06-01,221749.75
895,25,2025-07-01,153222.76
896,25,2025-08-01,194576.24
897,25,2025-09-01,120435.29
898,25,2025-10-01,113108.06
899,25,2025-11-01,46423.76
900,25,2025-12-01,17966.79
901,26,2023-01-01,3831.4
902,26,2023-02-01,8021.68
903,26,2023-03-01,35212.83
904,26,2023-04-01,35250.56
905,26,2023-05-01,16839.54
906,26,2023-06-01,33151.12
907,26,2023-07-01,47665.85
908,26,2023-08-01,54614.98
909,26,2023-09-01,57207.66
910,26,2023-10-01,54505.22
911,26,2023-11-01,56923.54
912,26,2023-12-01,57573.16
913,26,2024-01-01,55099.85
914,26,2024-02-01,75899.42
915,26,2024-03-01,77263.7
916,26,2024-04-01,94562.1
917,26,2024-05-01,131251.82
918,26,2024-06-01,108400.08
919,26,2024-07-01,118565.23
920,26,2024-08-01,137416.89
921,26,2024-09-01,126319.7
922,26,2024-10-01,121993.34
923,26,2024-11-01,108585.18
924,26,2024-12-01,148551.53
925,26,2025-01-01,152561.31
926,26,2025-02-01,159596.68
927,26,2025-03-01,142783.45
928,26,2025-04-01,186443.8
929,26,2025-05-01,200427.94
930,26,2025-06-01,230528.65
931,26,2025-07-01,224479.71
932,26,2025-08-01,188487.57
933,26,2025-09-01,104754.78
934,26,2025-10-01,73954.14
935,26,2025-11-01,48014.32
936,26,2025-12-01,14478.99
937,27,2023-01-01,1789.5
938,27,2023-02-01,7578.58
939,27,2023-03-01,15570.58
940,27,2023-04-01,19432.35
941,27,2023-05-01,47057.01
942,27,2023-06-01,55352.69
943,27,2023-07-01,56413.33
944,27,2023-08-01,48955.27
945,27,2023-09-01,70910.46
946,27,2023-10-01,43154.76
947,27,2023-11-01,83234.44
948,27,2023-12-01,103177.27
949,27,2024-01-01,70439.41
950,27,2024-02-01,83253.72
951,27,2024-03-01,103658.39
952,27,2024-04-01,140009.31
953,27,2024-05-01,111626.98
954,27,2024-06-01,140140.27
955,27,2024-07-01,133551.36
956,27,2024-08-01,144377.12
957,27,2024-09-01,125632.59
958,27,2024-10-01,156217.92
959,27,2024-11-01,116349.24
960,27,2024-12-01,154903.12
961,27,2025-01-01,167212.74
962,27,2025-02-01,161670.65
963,27,2025-03-01,147242.19
964,27,2025-04-01,248870.98
965,27,2025-05-01,236588.03
966,27,2025-06-01,206974.01
967,27,2025-07-01,183764.95
968,27,2025-08-01,180216.36
969,27,2025-09-01,97941.07
970,27,2025-10-01,114330.31
971,27,2025-11-01,51256.64
972,27,2025-12-01,20155.08
973,28,2023-01-01,6146.74
974,28,2023-02-01,7961.82
975,28,2023-03-01,27546.63
976,28,2023-04-01,15465.69
977,28,2023-05-01,35996.78
978,28,2023-06-01,45968.93
979,28,2023-07-01,48330.66
980,28,2023-08-01,48104.76
981,28,2023-09-01,46748.11
982,28,2023-10-01,35602.45
983,28,2023-11-01,85038.15
984,28,2023-12-01,77389.52
985,28,2024-01-01,91757.69
986,28,2024-02-01,84674.55
987,28,2024-03-01,112564.57
988,28,2024-04-01,145870.57
989,28,2024-05-01,140892.5
990,28,2024-06-01,105490.96
991,28,2024-07-01,120260.38
992,28,2024-08-01,146796.45
993,28,2024-09-01,168546.6
994,28,2024-10-01,162769.76
995,28,2024-11-01,157690.52
996,28,2024-12-01,172907.06
997,28,2025-01-01,151038.1
998,28,2025-02-01,208044.45
999,28,2025-03-01,142585.8
1000,28,2025-04-01,215622.85
1001,28,2025-05-01,219736.06
1002,28,2025-06-01,184951.08
1003,28,2025-07-01,163135.53
1004,28,2025-08-01,206560.87
1005,28,2025-09-01,186417.34
1006,28,2025-10-01,172956.18
1007,28,2025-11-01,52631.63
1008,28,2025-12-01,26699.91
1009,29,2023-01-01,9813.41
1010,29,2023-02-01,2399.28
1011,29,2023-03-01,12183.84
1012,29,2023-04-01,11551.88
1013,29,2023-05-01,20731.03
1014,29,2023-06-01,21863.76
1015,29,2023-07-01,56737.21
1016,29,2023-08-01,93678.39
1017,29,2023-09-01,49666.49
1018,29,2023-10-01,68298.45
1019,29,2023-11-01,59298.36
1020,29,2023-12-01,103867.45
1021,29,2024-01-01,81780.45
1022,29,2024-02-01,78956.94
1023,29,2024-03-01,103814.53
1024,29,2024-04-01,159468.51
1025,29,2024-05-01,114664.97
1026,29,2024-06-01,75818.9
1027,29,2024-07-01,170383.66
1028,29,2024-08-01,120370.49
1029,29,2024-09-01,125812.99
1030,29,2024-10-01,132925.06
1031,29,2024-11-01,162061.01
1032,29,2024-12-01,138007.85
1033,29,2025-01-01,127145.3
1034,29,2025-02-01,139246.11
1035,29,2025-03-01,154330.74
1036,29,2025-04-01,166616.56
1037,29,2025-05-01,179430.83
1038,29,2025-06-01,219661.97
1039,29,2025-07-01,246863.34
1040,29,2025-08-01,198137.4
1041,29,2025-09-01,106674.48
1042,29,2025-10-01,123292.23
1043,29,2025-11-01,103067.17
1044,29,2025-12-01,14589.12
1045,30,2023-01-01,2034.69
1046,30,2023-02-01,7186.01
1047,30,2023-03-01,12877.75
1048,30,2023-04-01,16036.72
1049,30,2023-05-01,23146.54
1050,30,2023-06-01,22357.21
1051,30,2023-07-01,18392.98
1052,30,2023-08-01,41571.9
1053,30,2023-09-01,76053.83
1054,30,2023-10-01,77575.53
1055,30,2023-11-01,62939.37
1056,30,2023-12-01,57854.79
1057,30,2024-01-01,56647.06
1058,30,2024-02-01,85087.33
1059,30,2024-03-01,71793.58
1060,30,2024-04-01,92093.71
1061,30,2024-05-01,86801.59
1062,30,2024-06-01,122682.09
1063,30,2024-07-01,113410.84
1064,30,2024-08-01,110955.21
1065,30,2024-09-01,86752.5
1066,30,2024-10-01,115780.66
1067,30,2024-11-01,120338.8
1068,30,2024-12-01,177496.26
1069,30,2025-01-01,133768.24
1070,30,2025-02-01,142160.2
1071,30,2025-03-01,126104.29
1072,30,2025-04-01,235451.99
1073,30,2025-05-01,182235.19
1074,30,2025-06-01,154142.35
1075,30,2025-07-01,204775.36
1076,30,2025-08-01,131761.24
1077,30,2025-09-01,137158.24
1078,30,2025-10-01,63764.32
1079,30,2025-11-01,40721.45
1080,30,2025-12-01,8340.99
